{
  "knex": {
    "connection": {
      "database": "DATABASE_URL"
    }
  },
  "redis": {
    "url": "REDIS_URL"
  },
  "passport": {
    "Google": {
      "clientID": "GOOGLE_CLIENT_ID",
      "clientSecret": "GOOGLE_CLIENT_SECRET",
      "callbackURL": "GOOGLE_CALLBACK_URL"
    },

    "Facebook": {
      "clientID": "FACEBOOK_CLIENT_ID",
      "clientSecret": "FACEBOOK_CLIENT_SECRET",
      "callbackURL": "FACEBOOK_CALLBACK_URL"
    },

    "Twitter": {
      "consumerKey": "TWITTER_CLIENT_ID",
      "consumerSecret": "TWITTER_CLIENT_SECRET",
      "callbackURL": "TWITTER_CALLBACK_URL"
    }
  }
}
