{
  "knex": {
    "connection": {
      "database": "thesis_devel"
    }
  },

  "passport": {
    "Google": {
      "clientID": "369722475527-frnih5g8s03hdu9lnj8451purquivvf2.apps.googleusercontent.com",
      "clientSecret": "S4dJ1zV3NhGAmWvHNeGwnTQ0",
      "callbackURL": "http://localhost:3000/auth/google/callback"
    },

    "Facebook": {
      "clientID": "298635473877138",
      "clientSecret": "15745796e925d67e73668a91994205a4",
      "callbackURL": "http://localhost:3000/auth/facebook/callback"
    },

    "Twitter": {
      "consumerKey": "XfuOKFHqmIId4N5gWMcLu1tcC",
      "consumerSecret": "GZTBWb1B2GfJVBqyH9eBDtOn4bZhxX50B1f9PP3eWjXt53MlBj",
      "callbackURL": "http://localhost:3000/auth/twitter/callback"
    }
  }
}
