{
  "knex": {
    "connection": {
      "database": "thesis_prod"
    },
    "debug": false,
    "pool": {
      "min": 2,
      "max": 10
    }
  },

  "passport": {
    "Google": {
      "clientID": "369722475527-frnih5g8s03hdu9lnj8451purquivvf2.apps.googleusercontent.com",
      "clientSecret": "S4dJ1zV3NhGAmWvHNeGwnTQ0",
      "callbackURL": "https://offeroverflow.herokuapp.com/auth/google/callback"
    },

    "Facebook": {
      "clientID": "298635473877138",
      "clientSecret": "15745796e925d67e73668a91994205a4",
      "callbackURL": "https://offeroverflow.herokuapp.com/auth/facebook/callback"
    },

    "Twitter": {
      "consumerKey": "FILL_ME_IN",
      "consumerSecret": "FILL_ME_IN",
      "callbackURL": "http://FILL_ME_IN/auth/twitter/callback"
    }
  }
}
